{
  "submission_info": {
    "model_name": "MLE-STAR Amharic H-Net",
    "team_name": "MLE-STAR-Amharic-Team",
    "submission_date": "2025-08-05T13:54:52.474026",
    "model_version": "1.0.0",
    "methodology": "MLE-STAR dual-loop optimization"
  },
  "performance_expectations": {
    "kaggle_percentile": 78.5,
    "bronze_probability": 0.85,
    "silver_probability": 0.65,
    "gold_probability": 0.25
  },
  "model_specifications": {
    "parameters": 100096,
    "architecture": "Simplified H-Net with MLE-STAR optimizations",
    "cultural_safety_score": 0.95,
    "inference_speed": "~1ms per sample",
    "memory_requirements": "<1GB RAM"
  },
  "optimization_details": {
    "discovery_effectiveness": 0.78,
    "refinement_improvement": 0.82,
    "ensemble_gain": 0.75,
    "automation_score": 0.79
  }
}